"year","plot","date","time","session","camera_direction","image","species","count"
"2020","3","5/14",NA,"1","N",NA,"Mule Deer","2"
"2020","4","5/14",NA,"1","N",NA,"Mule Deer","4"
"2020","6","5/14",NA,"1","N",NA,"Mule Deer","10"
"2020","6","5/14",NA,"1","N",NA,"Unidentified Deer","3"
"2020","3","5/15",NA,"1","N",NA,"Mule Deer","6"
"2020","3","5/15",NA,"1","N",NA,"Unidentified Deer","14"
"2020","3","5/15",NA,"1","N",NA,"Elk","2"
"2020","5","5/15",NA,"1","N",NA,"Mule Deer","15"
"2020","5","5/15",NA,"1","N",NA,"Unidentified Deer","3"
"2020","5","5/15",NA,"1","N",NA,"Coyote","5"
"2020","6","5/15",NA,"1","N",NA,"Mule Deer","13"
"2020","6","5/15",NA,"1","N",NA,"Unidentified Deer","2"
"2020","6","5/15",NA,"1","N",NA,"Coyote","1"
"2020","6","5/15",NA,"1","N",NA,"Unidentified Mammal","1"
"2020","8","5/15",NA,"1","N",NA,"Elk","3"
"2020","8","5/15",NA,"1","N",NA,"Unidentified Ungulate","4"
"2020","8","5/16",NA,"1","N",NA,"Unidentified Deer","1"
"2020","8","5/16",NA,"1","N",NA,"Unidentified Ungulate","1"
"2020","8","5/16",NA,"1","N",NA,"Unidentified Mammal","2"
"2020","5","5/17",NA,"1","N",NA,"Mule Deer","31"
"2020","5","5/17",NA,"1","N",NA,"Unidentified Deer","53"
"2020","5","5/17",NA,"1","N",NA,"Elk","1"
"2020","5","5/17",NA,"1","N",NA,"Unidentified Ungulate","5"
"2020","5","5/17",NA,"1","N",NA,"Bobcat","1"
"2020","5","5/17",NA,"1","N",NA,"Unidentified Mammal","3"
"2020","6","5/17",NA,"1","N",NA,"Mule Deer","12"
"2020","6","5/17",NA,"1","N",NA,"Unidentified Deer","1"
"2020","6","5/19",NA,"1","N",NA,"Mountain Cottontail","3"
"2020","2","5/20",NA,"1","N",NA,"Unidentified Deer","1"
"2020","5","5/20",NA,"1","N",NA,"Unidentified Deer","1"
"2020","7","5/20",NA,"1","N",NA,"Mule Deer","6"
"2020","7","5/20",NA,"1","N",NA,"Unidentified Deer","2"
"2020","3","5/21",NA,"1","N",NA,"Unidentified Mammal","3"
"2020","7","5/23",NA,"1","N",NA,"Elk","2"
"2020","6","5/24",NA,"1","N",NA,"Bobcat","1"
"2020","6","5/25",NA,"1","N",NA,"Mule Deer","8"
"2020","6","5/25",NA,"1","N",NA,"Coyote","1"
"2020","5","5/26",NA,"1","N",NA,"Coyote","2"
"2020","7","5/26",NA,"1","N",NA,"Mule Deer","15"
"2020","7","5/26",NA,"1","N",NA,"Unidentified Deer","6"
"2020","8","5/26",NA,"1","N",NA,"Mule Deer","1"
"2020","4","5/27",NA,"1","N",NA,"Unidentified Deer","1"
"2020","6","5/27",NA,"2","E",NA,"Mule Deer","1"
"2020","6","5/27",NA,"2","E",NA,"Unidentified Deer","2"
"2020","6","5/27",NA,"2","E",NA,"Elk","6"
"2020","6","5/27",NA,"2","E",NA,"Unidentified Ungulate","2"
"2020","6","5/27",NA,"2","E",NA,"Unidentified Mammal","1"
"2020","2","5/28",NA,"2","E",NA,"Mule Deer","5"
"2020","5","5/28",NA,"2","E",NA,"Unidentified Ungulate","1"
"2020","1","5/29",NA,"2","E",NA,"Coyote","2"
"2020","3","5/29",NA,"2","E",NA,"Mule Deer","2"
"2020","3","5/29",NA,"2","E",NA,"Unidentified Deer","4"
"2020","3","5/29",NA,"2","E",NA,"Coyote","2"
"2020","2","5/30",NA,"2","E",NA,"Unidentified Ungulate","2"
"2020","2","5/30",NA,"2","E",NA,"Bobcat","1"
"2020","2","5/30",NA,"2","E",NA,"Unidentified Mammal","2"
"2020","3","5/30",NA,"2","E",NA,"Elk","2"
"2020","6","5/30",NA,"2","E",NA,"Mule Deer","1"
"2020","1","5/31",NA,"2","E",NA,"Coyote","1"
"2020","1","5/31",NA,"2","E",NA,"Mountain Cottontail","1"
"2020","3","5/31",NA,"2","E",NA,"Unidentified Ungulate","2"
"2020","3","5/31",NA,"2","E",NA,"Unidentified Mammal","1"
"2020","6","5/31",NA,"2","E",NA,"Mule Deer","8"
"2020","6","5/31",NA,"2","E",NA,"Unidentified Ungulate","1"
"2020","3","6/1",NA,"2","E",NA,"Unidentified Deer","4"
"2020","1","6/2",NA,"2","E",NA,"Elk","1"
"2020","1","6/2",NA,"2","E",NA,"Unidentified Ungulate","1"
"2020","2","6/2",NA,"2","E",NA,"Mule Deer","4"
"2020","2","6/2",NA,"2","E",NA,"Unidentified Deer","1"
"2020","2","6/3",NA,"2","E",NA,"Mule Deer","2"
"2020","2","6/3",NA,"2","E",NA,"Unidentified Deer","5"
"2020","2","6/3",NA,"2","E",NA,"Elk","2"
"2020","2","6/3",NA,"2","E",NA,"Unidentified Ungulate","1"
"2020","3","6/3",NA,"2","E",NA,"Mule Deer","1"
"2020","3","6/3",NA,"2","E",NA,"Unidentified Deer","1"
"2020","3","6/3",NA,"2","E",NA,"Unidentified Ungulate","1"
"2020","4","6/4",NA,"2","E",NA,"Mule Deer","1"
"2020","6","6/4",NA,"2","E",NA,"Mule Deer","3"
"2020","6","6/4",NA,"2","E",NA,"Unidentified Ungulate","3"
"2020","6","6/4",NA,"2","E",NA,"Unidentified Mammal","1"
"2020","2","6/5",NA,"2","E",NA,"Mule Deer","1"
"2020","3","6/5",NA,"2","E",NA,"Mule Deer","3"
"2020","1","6/7",NA,"2","E",NA,"Prairie Dog","1"
"2020","4","6/7",NA,"2","E",NA,"Mule Deer","4"
"2020","1","6/8",NA,"2","E",NA,"Prairie Dog","1"
"2020","5","6/8",NA,"2","E",NA,"Unidentified Deer","1"
"2020","6","6/8",NA,"2","E",NA,"Unidentified Ungulate","1"
"2020","7","6/8",NA,"2","E",NA,"Mule Deer","7"
"2020","7","6/8",NA,"2","E",NA,"Unidentified Deer","3"
"2020","7","6/8",NA,"2","E",NA,"Unidentified Ungulate","1"
"2020","1","6/10",NA,"2","E",NA,"Coyote","1"
"2020","1","6/10",NA,"2","E",NA,"Prairie Dog","1"
"2020","2","6/10",NA,"2","E",NA,"Unidentified Deer","3"
"2020","2","6/10",NA,"2","E",NA,"Unidentified Ungulate","3"
"2020","3","6/10",NA,"2","E",NA,"Mule Deer","1"
"2020","3","6/10",NA,"2","E",NA,"Unidentified Ungulate","1"
"2020","6","6/10",NA,"2","E",NA,"Mule Deer","1"
"2020","6","6/10",NA,"2","E",NA,"White Tailed Deer","1"
"2020","6","6/10",NA,"2","E",NA,"Unidentified Deer","1"
"2020","7","6/10",NA,"2","E",NA,"Mule Deer","1"
"2020","7","6/11",NA,"2","E",NA,"Mule Deer","3"
"2020","5","6/15",NA,"3","S",NA,"Unidentified Deer","1"
"2020","8","6/15",NA,"3","S",NA,"Bobcat","1"
"2020","3","6/16",NA,"3","S",NA,"Elk","6"
"2020","5","6/16",NA,"3","S",NA,"Mule Deer","1"
"2020","5","6/16",NA,"3","S",NA,"Elk","1"
"2020","5","6/17",NA,"3","S",NA,"Mule Deer","1"
"2020","5","6/17",NA,"3","S",NA,"Unidentified Deer","1"
"2020","5","6/17",NA,"3","S",NA,"Coyote","1"
"2020","2","6/18",NA,"3","S",NA,"Unidentified Deer","1"
"2020","4","6/18",NA,"3","S",NA,"Bobcat","1"
"2020","5","6/18",NA,"3","S",NA,"Mule Deer","1"
"2020","8","6/18",NA,"3","S",NA,"Mule Deer","1"
"2020","2","6/19",NA,"3","S",NA,"Mule Deer","5"
"2020","2","6/19",NA,"3","S",NA,"White Tailed Deer","1"
"2020","2","6/19",NA,"3","S",NA,"Unidentified Deer","3"
"2020","2","6/19",NA,"3","S",NA,"Unidentified Ungulate","1"
"2020","5","6/19",NA,"3","S",NA,"Mule Deer","6"
"2020","4","6/20",NA,"3","S",NA,"Mule Deer","7"
"2020","5","6/20",NA,"3","S",NA,"Mule Deer","2"
"2020","5","6/21",NA,"3","S",NA,"Mule Deer","1"
"2020","8","6/21",NA,"3","S",NA,"Unidentified Deer","1"
"2020","8","6/21",NA,"3","S",NA,"Bobcat","1"
"2020","5","6/23",NA,"3","S",NA,"Unidentified Deer","1"
"2020","4","6/24",NA,"3","S",NA,"Unidentified Ungulate","1"
"2020","6","6/24",NA,"3","S",NA,"Unidentified Deer","1"
"2020","4","6/24",NA,"4","W",NA,"Mule Deer","1"
"2020","3","6/25",NA,"4","W",NA,"White Tailed Deer","1"
"2020","5","6/25",NA,"4","W",NA,"Mule Deer","1"
"2020","2","6/26",NA,"4","W",NA,"Mule Deer","1"
"2020","2","6/26",NA,"4","W",NA,"White Tailed Deer","1"
"2020","3","6/26",NA,"4","W",NA,"Mule Deer","3"
"2020","3","6/26",NA,"4","W",NA,"Unidentified Ungulate","1"
"2020","3","6/26",NA,"4","W",NA,"Unidentified Mammal","1"
"2020","4","6/26",NA,"4","W",NA,"Unidentified Deer","1"
"2020","4","6/26",NA,"4","W",NA,"Striped Skunk","1"
"2020","5","6/26",NA,"4","W",NA,"Striped Skunk","1"
"2020","7","6/26",NA,"4","W",NA,"Mule Deer","1"
"2020","7","6/26",NA,"4","W",NA,"Unidentified Deer","1"
"2020","2","6/27",NA,"4","W",NA,"Mule Deer","1"
"2020","4","6/27",NA,"4","W",NA,"Mule Deer","1"
"2020","4","6/28",NA,"4","W",NA,"Mule Deer","1"
"2020","2","6/30",NA,"4","W",NA,"Mule Deer","2"
"2020","2","6/30",NA,"4","W",NA,"Unidentified Deer","2"
"2020","6","6/30",NA,"4","W",NA,"Mule Deer","1"
"2020","3","7/1",NA,"4","W",NA,"Mule Deer","3"
"2020","3","7/1",NA,"4","W",NA,"Unidentified Deer","1"
"2020","4","7/1",NA,"4","W",NA,"Mule Deer","1"
"2020","4","7/1",NA,"4","W",NA,"Striped Skunk","1"
"2020","4","7/2",NA,"4","W",NA,"Unidentified Deer","1"
"2020","6","7/2",NA,"4","W",NA,"White Tailed Deer","1"
"2020","5","7/3",NA,"4","W",NA,"Mule Deer","2"
"2020","5","7/3",NA,"4","W",NA,"Unidentified Deer","2"
"2020","5","7/3",NA,"4","W",NA,"Striped Skunk","3"
"2020","4","7/4",NA,"4","W",NA,"Elk","1"
"2020","2","7/5",NA,"4","W",NA,"Mule Deer","1"
"2020","2","7/7",NA,"4","W",NA,"Mule Deer","1"
"2020","3","7/7",NA,"4","W",NA,"Coyote","1"
"2020","2","7/8",NA,"4","W",NA,"Unidentified Deer","1"
"2020","2","7/8",NA,"4","W",NA,"Unidentified Mammal","1"
"2020","3","7/8",NA,"4","W",NA,"Mule Deer","1"
"2020","5","7/8",NA,"4","W",NA,"Striped Skunk","1"
"2020","6","7/9",NA,"4","W",NA,"Unidentified Deer","1"
"2020","7","7/9",NA,"4","W",NA,"Unidentified Deer","3"
"2020","1","7/10",NA,"4","W",NA,"Elk","1"
"2020","2","7/10",NA,"4","W",NA,"Mule Deer","1"
"2020","6","7/10",NA,"4","W",NA,"Unidentified Deer","3"
"2020","2","7/11",NA,"5","N",NA,"Unidentified Deer","1"
"2020","1","7/12",NA,"5","N",NA,"Unidentified Deer","1"
"2020","2","7/12",NA,"5","N",NA,"Mule Deer","1"
"2020","5","7/12",NA,"5","N",NA,"Unidentified Deer","1"
"2020","2","7/13",NA,"5","N",NA,"Unidentified Deer","1"
"2020","5","7/14",NA,"5","N",NA,"Mule Deer","1"
"2020","4","7/16",NA,"5","N",NA,"Unidentified Deer","1"
"2020","4","7/16",NA,"5","N",NA,"Unidentified Ungulate","3"
"2020","2","7/17",NA,"5","N",NA,"Unidentified Deer","1"
"2020","6","7/18",NA,"6","E",NA,"Mule Deer","1"
"2020","1","7/19",NA,"6","E",NA,"Mountain Cottontail","1"
"2020","3","7/19",NA,"6","E",NA,"Elk","1"
"2020","2","7/20",NA,"6","E",NA,"Unidentified Deer","2"
"2020","2","7/20",NA,"6","E",NA,"Elk","3"
"2020","2","7/20",NA,"6","E",NA,"Unidentified Mammal","1"
"2020","6","7/21",NA,"6","E",NA,"Coyote","1"
"2020","1","7/22",NA,"6","E",NA,"Mountain Cottontail","1"
"2020","2","7/22",NA,"6","E",NA,"Unidentified Deer","1"
"2020","2","7/23",NA,"6","E",NA,"Mule Deer","1"
"2020","2","7/23",NA,"6","E",NA,"Unidentified Deer","1"
"2020","2","7/23",NA,"6","E",NA,"Coyote","1"
"2020","2","7/23",NA,"6","E",NA,"Unidentified Mammal","2"
"2020","5","7/24",NA,"6","E",NA,"Elk","3"
"2020","5","7/24",NA,"6","E",NA,"Unidentified Ungulate","3"
"2020","5","7/24",NA,"6","E",NA,"Unidentified Mammal","1"
"2020","5","7/24",NA,"7","S",NA,"Elk","4"
"2020","5","7/24",NA,"7","S",NA,"Unidentified Ungulate","1"
"2020","6","7/24",NA,"7","S",NA,"Mule Deer","1"
"2020","5","7/25",NA,"7","S",NA,"Unidentified Ungulate","1"
"2020","4","7/26",NA,"7","S",NA,"Unidentified Ungulate","1"
"2020","4","7/27",NA,"7","S",NA,"Unidentified Deer","1"
"2020","7","7/27",NA,"7","S",NA,"Unidentified Deer","1"
"2020","1","7/28",NA,"7","S",NA,"Coyote","1"
"2020","5","7/28",NA,"7","S",NA,"Mule Deer","1"
"2020","1","7/30",NA,"7","S",NA,"Coyote","1"
"2020","4","7/30",NA,"7","S",NA,"Unidentified Deer","2"
"2020","5","7/30",NA,"7","S",NA,"Unidentified Ungulate","1"
"2020","3","8/1",NA,"7","S",NA,"Mule Deer","1"
"2020","5","8/1",NA,"7","S",NA,"Elk","1"
"2020","5","8/1",NA,"7","S",NA,"Unidentified Ungulate","1"
"2020","2","8/2",NA,"7","S",NA,"Mule Deer","1"
"2020","2","8/3",NA,"7","S",NA,"Unidentified Deer","1"
"2020","1","8/4",NA,"7","S",NA,"Mule Deer","8"
"2020","1","8/4",NA,"7","S",NA,"Unidentified Deer","5"
"2020","5","8/5",NA,"7","S",NA,"Elk","1"
"2020","7","8/5",NA,"7","S",NA,"Mule Deer","1"
"2020","8","8/9",NA,"8","W",NA,"Black Bear","1"
"2020","2","8/10",NA,"8","W",NA,"Elk","2"
"2020","2","8/10",NA,"8","W",NA,"Unidentified Ungulate","2"
"2020","2","8/10",NA,"8","W",NA,"Unidentified Mammal","2"
"2020","3","8/10",NA,"8","W",NA,"Elk","3"
"2020","5","8/12",NA,"8","W",NA,"Mule Deer","2"
"2020","5","8/12",NA,"8","W",NA,"Unidentified Deer","1"
"2021","1","5/15","612","1","N","1","Elk","2"
"2021","1","5/15","612","1","N","2","Elk","1"
"2021","1","5/16","2005","1","N","3","Mule Deer","1"
"2021","1","5/16","2006","1","N","4","Mule Deer","1"
"2021","1","5/16","2006","1","N","5","Mule Deer","2"
"2021","1","5/17","544","1","N","10","Elk","2"
"2021","1","5/17","545","1","N","11","Elk","3"
"2021","1","5/17","545","1","N","12","Elk","1"
"2021","1","5/17","551","1","N","13","Elk","1"
"2021","1","6/3","2219","2","E","15","Mule Deer","1"
"2021","1","6/10","235","2","E","17","Mule Deer","1"
"2021","1","6/13","757","2","E","18","Mule Deer","1"
"2021","1","6/15","532","2","E","19","White Tailed Deer","1"
"2021","1","6/15","533","2","E","20","White Tailed Deer","1"
"2021","1","6/15","533","2","E","21","White Tailed Deer","1"
"2021","1","6/20","406","3","S","25","Coyote","1"
"2021","1","6/27","520","3","S","28","Mule Deer","1"
"2021","1","6/27","520","3","S","29","Mule Deer","3"
"2021","1","6/27","520","3","S","30","Mule Deer","1"
"2021","1","7/8","247","4","W","32","Unidentified Deer","1"
"2021","1","7/11","428","4","W","33","Unidentified Ungulate","1"
"2021","1","7/14","557","4","W","34","Bobcat","1"
"2021","1","7/15","143","5","N","35","Unidentified Ungulate","1"
"2021","1","7/24","2109","5","N","37","Mule Deer","1"
"2021","1","7/25","326","5","N","39","Unidentified Ungulate","1"
"2021","1","7/25","327","5","N","40","Unidentified Ungulate","1"
"2021","2","5/16","247","1","N","1","Unidentified Mammal","1"
"2021","2","5/16","248","1","N","5","Unidentified Ungulate","1"
"2021","2","5/16","457","1","N","7","Unidentified Deer","1"
"2021","2","5/17","601","1","N","8","Unidentified Deer","1"
"2021","2","6/4","517","2","E","10","Unidentified Deer","1"
"2021","2","6/5","2035","2","E","11","Unidentified Deer","1"
"2021","2","6/5","2036","2","E","12","Mule Deer","1"
"2021","2","6/5","2037","2","E","13","Mule Deer","1"
"2021","2","6/5","2037","2","E","14","Mule Deer","1"
"2021","2","6/8","538","2","E","15","Unidentified Deer","1"
"2021","2","6/13","526","2","E","16","Mule Deer","1"
"2021","2","6/13","813","2","E","17","Mule Deer","1"
"2021","2","6/13","1941","2","E","18","Mule Deer","3"
"2021","2","6/13","1947","2","E","19","Mule Deer","1"
"2021","2","6/13","2028","2","E","22","Mule Deer","1"
"2021","2","6/16","500","3","S","23","Mule Deer","1"
"2021","2","6/16","501","3","S","24","Unidentified Deer","1"
"2021","2","6/19","2155","3","S","25","Elk","1"
"2021","2","6/23","1130","3","S","28","Mule Deer","1"
"2021","2","6/24","2051","3","S","30","Unidentified Deer","1"
"2021","2","6/28","2142","3","S","31","Mule Deer","1"
"2021","2","6/28","2142","3","S","32","Mule Deer","1"
"2021","2","6/28","2143","3","S","33","Mule Deer","1"
"2021","2","6/30","1750","4","W","34","Mule Deer","1"
"2021","2","6/30","1758","4","W","35","Mule Deer","1"
"2021","2","7/2","702","4","W","36","Mule Deer","1"
"2021","2","7/4","547","4","W","37","Mule Deer","3"
"2021","2","7/6","2020","4","W","39","Mule Deer","1"
"2021","2","7/7","2304","4","W","40","Unidentified Deer","1"
"2021","2","7/7","2306","4","W","41","Mule Deer","1"
"2021","2","7/8","1447","4","W","42","Mule Deer","1"
"2021","2","7/8","2346","4","W","43","Bobcat","1"
"2021","2","7/9","659","4","W","44","Bobcat","1"
"2021","2","7/11","725","4","W","45","Mule Deer","1"
"2021","2","7/12","915","4","W","46","Mule Deer","1"
"2021","2","7/12","1948","4","W","47","Unidentified Deer","1"
"2021","2","7/12","2216","4","W","48","Unidentified Deer","2"
"2021","2","7/13","2212","4","W","49","Unidentified Deer","1"
"2021","2","7/13","2215","4","W","50","Unidentified Deer","1"
"2021","2","7/13","2220","4","W","51","Unidentified Deer","1"
"2021","2","7/24","157","5","N","54","Unidentified Ungulate","1"
"2021","2","7/27","35","6","E","55","Unidentified Deer","1"
"2021","2","8/4","927","7","S","57","Mule Deer","1"
"2021","2","8/7","301","7","S","58","Unidentified Mammal","1"
"2021","2","8/7","302","7","S","59","Unidentified Mammal","1"
"2021","3","5/23","2113","1","N","90","Unidentified Mammal","1"
"2021","3","5/27","1456","1","N","98","Coyote","1"
"2021","3","5/27","2037","1","N","99","Elk","1"
"2021","3","5/27","2038","1","N","100","Elk","2"
"2021","3","5/27","2039","1","N","101","Elk","2"
"2021","3","5/27","2039","1","N","102","Elk","3"
"2021","3","5/27","2040","1","N","103","Elk","2"
"2021","3","5/27","2040","1","N","104","Elk","1"
"2021","3","5/27","2040","1","N","105","Elk","1"
"2021","3","5/27","2136","1","N","108","Elk","1"
"2021","3","5/27","2137","1","N","110","Unidentified Ungulate","1"
"2021","3","5/27","2137","1","N","111","Elk","1"
"2021","3","5/27","2138","1","N","112","Elk","1"
"2021","3","5/27","2139","1","N","113","Elk","1"
"2021","3","5/27","2140","1","N","114","Elk","1"
"2021","3","5/27","2146","1","N","115","Elk","1"
"2021","3","5/27","2146","1","N","116","Elk","1"
"2021","3","5/27","2156","1","N","117","Unidentified Ungulate","1"
"2021","3","5/27","2157","1","N","118","Unidentified Ungulate","1"
"2021","3","5/27","2159","1","N","119","Elk","1"
"2021","3","5/27","2200","1","N","120","Unidentified Ungulate","1"
"2021","3","6/1","334","1","N","124","Elk","1"
"2021","3","6/1","334","1","N","124","Unidentified Ungulate","1"
"2021","3","6/1","335","1","N","125","Elk","1"
"2021","3","6/1","335","1","N","125","Unidentified Ungulate","1"
"2021","3","6/1","338","1","N","126","Unidentified Ungulate","1"
"2021","3","6/1","2300","2","E","130","Unidentified Mammal","1"
"2021","3","6/2","39","2","E","133","Elk","1"
"2021","3","6/2","39","2","E","134","Unidentified Mammal","1"
"2021","3","6/2","39","2","E","135","Unidentified Ungulate","1"
"2021","3","6/2","40","2","E","136","Unidentified Ungulate","1"
"2021","3","6/2","40","2","E","137","Unidentified Ungulate","1"
"2021","3","6/2","40","2","E","138","Unidentified Ungulate","1"
"2021","3","6/2","40","2","E","139","Unidentified Ungulate","1"
"2021","3","6/2","41","2","E","140","Unidentified Ungulate","1"
"2021","3","6/2","41","2","E","141","Unidentified Ungulate","1"
"2021","3","6/2","41","2","E","142","Unidentified Ungulate","1"
"2021","3","6/2","42","2","E","143","Unidentified Ungulate","1"
"2021","3","6/2","42","2","E","144","Unidentified Ungulate","1"
"2021","3","6/6","246","2","E","146","Unidentified Ungulate","1"
"2021","3","6/6","247","2","E","147","Unidentified Ungulate","1"
"2021","3","6/9","458","2","E","150","Elk","1"
"2021","3","6/9","501","2","E","151","Elk","1"
"2021","3","6/9","501","2","E","152","Unidentified Ungulate","1"
"2021","3","6/9","502","2","E","153","Elk","1"
"2021","3","6/9","502","2","E","154","Elk","1"
"2021","3","6/9","502","2","E","155","Elk","1"
"2021","3","6/9","503","2","E","156","Elk","1"
"2021","3","6/9","504","2","E","157","Unidentified Ungulate","1"
"2021","3","6/9","504","2","E","158","Unidentified Ungulate","1"
"2021","3","6/9","504","2","E","159","Unidentified Ungulate","1"
"2021","3","6/9","504","2","E","160","Unidentified Ungulate","1"
"2021","3","6/9","505","2","E","162","Elk","1"
"2021","3","6/9","505","2","E","163","Elk","1"
"2021","3","6/9","506","2","E","164","Elk","1"
"2021","3","6/9","506","2","E","165","Elk","1"
"2021","3","6/9","506","2","E","166","Elk","1"
"2021","3","6/9","506","2","E","167","Elk","1"
"2021","3","6/9","507","2","E","168","Elk","1"
"2021","3","6/11","243","2","E","171","Unidentified Ungulate","1"
"2021","3","6/11","244","2","E","172","Mule Deer","1"
"2021","3","6/11","244","2","E","173","Mule Deer","1"
"2021","3","6/11","244","2","E","174","Mule Deer","1"
"2021","3","6/13","805","2","E","175","White Tailed Deer","1"
"2021","3","6/13","805","2","E","176","Mule Deer","1"
"2021","3","6/15","2045","3","S","178","Mule Deer","1"
"2021","3","6/26","450","3","S","190","Unidentified Mammal","1"
"2021","3","6/26","451","3","S","193","Unidentified Mammal","1"
"2021","3","6/26","452","3","S","197","Unidentified Ungulate","1"
"2021","3","6/26","452","3","S","199","Unidentified Ungulate","1"
"2021","3","6/26","453","3","S","200","Unidentified Mammal","1"
"2021","3","6/26","453","3","S","201","Unidentified Mammal","1"
"2021","3","6/26","453","3","S","202","Unidentified Mammal","1"
"2021","3","6/26","454","3","S","203","Unidentified Mammal","1"
"2021","3","7/1","538","4","W","208","Unidentified Deer","1"
"2021","3","7/4","1239","4","W","209","Mule Deer","1"
"2021","3","7/7","215","4","W","212","Elk","1"
"2021","3","7/7","218","4","W","213","Unidentified Ungulate","1"
"2021","3","7/7","218","4","W","214","Unidentified Mammal","1"
"2021","3","7/7","218","4","W","215","Unidentified Mammal","1"
"2021","3","7/7","219","4","W","216","Unidentified Ungulate","1"
"2021","3","7/7","219","4","W","217","Unidentified Ungulate","1"
"2021","3","7/7","219","4","W","218","Unidentified Ungulate","1"
"2021","3","7/7","219","4","W","219","Unidentified Mammal","1"
"2021","3","7/7","518","4","W","222","Mountain Lion","1"
"2021","3","7/10","727","4","W","223","Unidentified Deer","1"
"2021","3","7/17","2225","5","N","225","Mule Deer","1"
"2021","3","8/8","857","8","W","228","Mule Deer","1"
"2021","3","8/9","842","8","W","229","Mule Deer","1"
"2021","4","5/15","552","1","N","2","Unidentified Deer","1"
"2021","4","5/15","553","1","N","3","Mule Deer","1"
"2021","4","5/15","553","1","N","4","Mule Deer","2"
"2021","4","5/15","554","1","N","5","Mule Deer","2"
"2021","4","5/15","604","1","N","6","Unidentified Ungulate","2"
"2021","4","5/19","2316","1","N","9","Elk","1"
"2021","4","5/24","2123","1","N","12","Unidentified Deer","1"
"2021","4","5/24","2123","1","N","13","Unidentified Deer","2"
"2021","4","5/26","253","1","N","14","Unidentified Mammal","1"
"2021","4","6/1","541","1","N","15","Mule Deer","1"
"2021","4","6/1","542","1","N","16","Unidentified Deer","1"
"2021","4","6/5","2007","2","E","18","Mule Deer","1"
"2021","4","6/11","2123","2","E","19","Mule Deer","1"
"2021","4","6/11","2124","2","E","20","Mule Deer","2"
"2021","4","6/12","2035","2","E","21","Mule Deer","2"
"2021","4","6/16","2111","3","S","22","Mule Deer","1"
"2021","4","6/20","512","3","S","23","Mule Deer","1"
"2021","4","6/20","525","3","S","24","Unidentified Deer","1"
"2021","4","6/20","525","3","S","25","Unidentified Deer","1"
"2021","4","6/20","526","3","S","26","Unidentified Deer","2"
"2021","4","7/7","128","4","W","29","Mule Deer","1"
"2021","4","7/7","128","4","W","30","Unidentified Deer","1"
"2021","4","7/21","1637","5","N","31","Unidentified Deer","1"
"2021","4","7/22","32","5","N","32","Mule Deer","1"
"2021","4","7/22","2350","5","N","33","Mule Deer","1"
"2021","4","7/22","2351","5","N","34","Mule Deer","2"
"2021","4","8/5","401","7","S","35","Mule Deer","1"
"2021","5","5/14","121","1","N","4","Unidentified Deer","1"
"2021","5","5/16","2056","1","N","7","Unidentified Ungulate","1"
"2021","5","5/16","2057","1","N","8","Elk","1"
"2021","5","5/16","2131","1","N","9","Unidentified Deer","2"
"2021","5","5/16","2136","1","N","10","Mule Deer","1"
"2021","5","5/16","2136","1","N","10","Unidentified Deer","1"
"2021","5","5/16","2137","1","N","11","Mule Deer","1"
"2021","5","5/16","2137","1","N","11","Unidentified Deer","1"
"2021","5","5/16","2138","1","N","12","Mule Deer","2"
"2021","5","5/16","2138","1","N","12","Unidentified Deer","1"
"2021","5","5/16","2138","1","N","13","Unidentified Deer","2"
"2021","5","5/16","2139","1","N","14","Unidentified Deer","2"
"2021","5","5/16","2139","1","N","15","Unidentified Deer","3"
"2021","5","5/16","2140","1","N","16","Mule Deer","1"
"2021","5","5/16","2140","1","N","16","Unidentified Deer","3"
"2021","5","5/17","539","1","N","17","Mule Deer","1"
"2021","5","5/17","540","1","N","18","Mule Deer","1"
"2021","5","5/17","540","1","N","19","Mule Deer","1"
"2021","5","5/17","541","1","N","20","Mule Deer","1"
"2021","5","5/17","541","1","N","21","Mule Deer","1"
"2021","5","5/17","541","1","N","22","Unidentified Deer","1"
"2021","5","5/17","544","1","N","23","Mule Deer","1"
"2021","5","5/17","2211","1","N","24","Unidentified Deer","6"
"2021","5","5/18","139","1","N","25","Unidentified Deer","1"
"2021","5","5/18","231","1","N","26","Unidentified Deer","1"
"2021","5","5/18","452","1","N","28","Mule Deer","1"
"2021","5","5/18","452","1","N","28","Unidentified Deer","2"
"2021","5","5/18","452","1","N","29","Mule Deer","1"
"2021","5","5/18","452","1","N","29","Unidentified Deer","2"
"2021","5","5/18","453","1","N","30","Unidentified Deer","2"
"2021","5","5/18","453","1","N","31","Mule Deer","1"
"2021","5","5/18","453","1","N","31","Unidentified Deer","1"
"2021","5","5/18","1910","1","N","32","Mule Deer","4"
"2021","5","5/18","1910","1","N","32","Unidentified Deer","1"
"2021","5","5/18","1910","1","N","33","Mule Deer","4"
"2021","5","5/18","1910","1","N","34","Mule Deer","4"
"2021","5","5/18","1911","1","N","35","Mule Deer","4"
"2021","5","5/18","1911","1","N","35","Unidentified Deer","2"
"2021","5","5/18","1911","1","N","36","Mule Deer","4"
"2021","5","5/18","1911","1","N","37","Unidentified Deer","4"
"2021","5","5/18","1912","1","N","38","Unidentified Deer","4"
"2021","5","5/18","1912","1","N","39","Mule Deer","2"
"2021","5","5/18","2028","1","N","40","Elk","1"
"2021","5","5/18","2028","1","N","41","Elk","3"
"2021","5","5/18","2029","1","N","42","Elk","4"
"2021","5","5/18","2029","1","N","43","Elk","2"
"2021","5","5/18","2029","1","N","44","Elk","1"
"2021","5","5/19","2346","1","N","45","Mule Deer","1"
"2021","5","5/19","2346","1","N","45","Unidentified Deer","2"
"2021","5","5/20","46","1","N","46","Mule Deer","1"
"2021","5","5/20","47","1","N","47","Mule Deer","1"
"2021","5","5/23","1412","1","N","48","Mule Deer","7"
"2021","5","5/23","1412","1","N","48","Unidentified Deer","1"
"2021","5","5/24","256","1","N","49","Mule Deer","1"
"2021","5","5/27","1335","1","N","51","Mule Deer","1"
"2021","5","5/27","1336","1","N","52","Mule Deer","2"
"2021","5","5/27","1337","1","N","53","Mule Deer","5"
"2021","5","5/28","1650","1","N","54","Mule Deer","4"
"2021","5","5/28","2243","1","N","55","Unidentified Deer","2"
"2021","5","5/29","2046","1","N","56","Unidentified Deer","4"
"2021","5","5/30","20","1","N","57","Unidentified Deer","1"
"2021","5","5/30","42","1","N","58","Unidentified Deer","1"
"2021","5","5/30","109","1","N","59","Unidentified Deer","4"
"2021","5","5/30","2025","1","N","60","Mule Deer","2"
"2021","5","5/30","2025","1","N","60","Unidentified Deer","1"
"2021","5","5/30","2025","1","N","61","Mule Deer","2"
"2021","5","5/30","2026","1","N","62","Mule Deer","5"
"2021","5","5/30","2026","1","N","62","Unidentified Deer","1"
"2021","5","5/30","2026","1","N","63","Mule Deer","5"
"2021","5","5/30","2027","1","N","64","Mule Deer","7"
"2021","5","5/30","2027","1","N","64","Unidentified Deer","4"
"2021","5","5/30","2027","1","N","65","Mule Deer","9"
"2021","5","5/30","2028","1","N","66","Mule Deer","8"
"2021","5","5/30","2028","1","N","66","Unidentified Deer","6"
"2021","5","6/3","2232","2","E","67","Unidentified Ungulate","1"
"2021","5","6/6","416","2","E","68","Mule Deer","1"
"2021","5","6/8","505","2","E","69","Unidentified Deer","1"
"2021","5","6/11","2053","2","E","71","Mule Deer","1"
"2021","5","6/12","2108","2","E","73","Unidentified Deer","1"
"2021","5","6/15","2048","3","S","74","Mule Deer","1"
"2021","5","6/19","119","3","S","81","Unidentified Deer","1"
"2021","5","6/21","2252","3","S","82","Unidentified Deer","1"
"2021","5","6/23","324","3","S","86","Unidentified Mammal","1"
"2021","5","7/6","624","4","W","95","Mule Deer","1"
"2021","5","7/16","2347","5","N","99","Mule Deer","1"
"2021","5","7/17","705","5","N","100","Mule Deer","2"
"2021","5","7/20","202","5","N","101","Mule Deer","1"
"2021","5","7/21","14","5","N","102","Mule Deer","1"
"2021","5","7/22","308","5","N","103","Mule Deer","1"
"2021","5","7/24","109","5","N","104","Unidentified Deer","1"
"2021","5","7/27","351","6","E","105","Unidentified Deer","1"
"2021","5","8/1","624","6","E","108","Mule Deer","1"
"2021","5","8/9","305","8","W","112","Mule Deer","2"
"2021","5","8/13","144","8","W","113","Unidentified Deer","1"
"2021","5","8/13","144","8","W","114","Mule Deer","1"
"2021","5","8/13","146","8","W","115","Unidentified Deer","1"
"2021","6","5/14","524","1","N","2","Unidentified Mammal","1"
"2021","6","5/14","524","1","N","3","Mule Deer","1"
"2021","6","5/14","525","1","N","4","Mule Deer","1"
"2021","6","5/14","525","1","N","5","Mule Deer","2"
"2021","6","5/14","525","1","N","5","Unidentified Deer","2"
"2021","6","5/14","526","1","N","6","Unidentified Deer","2"
"2021","6","5/14","1958","1","N","7","Unidentified Mammal","1"
"2021","6","5/14","1959","1","N","8","Mule Deer","1"
"2021","6","5/14","1959","1","N","9","Mule Deer","1"
"2021","6","5/14","2003","1","N","10","Mule Deer","1"
"2021","6","5/15","2042","1","N","11","Mule Deer","2"
"2021","6","5/15","2042","1","N","11","Unidentified Deer","3"
"2021","6","5/15","2042","1","N","12","Mule Deer","5"
"2021","6","5/15","2042","1","N","12","Unidentified Deer","1"
"2021","6","5/15","2045","1","N","13","Mule Deer","1"
"2021","6","5/15","2045","1","N","13","Unidentified Deer","2"
"2021","6","5/15","2046","1","N","14","Mule Deer","1"
"2021","6","5/15","2047","1","N","15","Mule Deer","1"
"2021","6","5/15","2048","1","N","16","Unidentified Ungulate","1"
"2021","6","5/28","2138","1","N","17","Mule Deer","1"
"2021","6","5/28","2149","1","N","18","Unidentified Mammal","1"
"2021","6","5/29","24","1","N","19","Unidentified Mammal","1"
"2021","6","5/29","134","1","N","21","Unidentified Deer","1"
"2021","6","5/29","134","1","N","22","Mule Deer","1"
"2021","6","5/29","137","1","N","23","Mule Deer","1"
"2021","6","5/29","137","1","N","24","Mule Deer","1"
"2021","6","6/1","2140","2","E","26","Mule Deer","1"
"2021","6","6/1","2258","2","E","27","Unidentified Deer","1"
"2021","6","6/1","2258","2","E","28","Unidentified Deer","1"
"2021","6","6/1","2258","2","E","29","Mule Deer","1"
"2021","6","6/6","632","2","E","30","Mule Deer","1"
"2021","6","6/6","2127","2","E","31","Unidentified Deer","1"
"2021","6","6/6","2128","2","E","32","Mule Deer","1"
"2021","6","6/6","2128","2","E","33","Unidentified Deer","1"
"2021","6","6/6","2150","2","E","34","Unidentified Deer","1"
"2021","6","6/6","2151","2","E","36","Mule Deer","1"
"2021","6","6/9","34","2","E","37","Mule Deer","2"
"2021","6","6/9","34","2","E","38","Mule Deer","1"
"2021","6","6/9","35","2","E","40","Mule Deer","1"
"2021","6","6/9","424","2","E","42","Mule Deer","1"
"2021","6","6/9","425","2","E","43","Mule Deer","1"
"2021","6","6/9","425","2","E","43","Unidentified Deer","1"
"2021","6","6/9","426","2","E","44","Unidentified Deer","1"
"2021","6","6/9","427","2","E","45","Mule Deer","1"
"2021","6","6/9","427","2","E","45","Unidentified Deer","1"
"2021","6","6/9","2106","2","E","46","Unidentified Deer","1"
"2021","6","6/13","353","2","E","48","Mule Deer","1"
"2021","6","6/13","400","2","E","49","Mule Deer","1"
"2021","6","6/13","503","2","E","50","Mule Deer","1"
"2021","6","6/13","503","2","E","50","Unidentified Deer","1"
"2021","6","6/18","2124","3","S","52","Mule Deer","1"
"2021","6","6/25","305","3","S","53","Mule Deer","1"
"2021","6","7/13","2241","4","W","60","Cottontail","1"
"2021","6","7/21","644","5","N","62","Mule Deer","2"
"2021","6","7/24","140","5","N","63","Unidentified Deer","1"
"2021","6","7/27","356","6","E","64","Mule Deer","1"
"2021","6","7/31","540","6","E","65","Unidentified Deer","1"
"2021","6","8/13","527","8","W","67","Mule Deer","1"
"2021","7","5/18","423","1","N","1","Striped Skunk","1"
"2021","7","5/18","445","1","N","2","Cottontail","1"
"2021","7","5/18","1041","1","N","3","Unidentified Deer","1"
"2021","7","5/28","1313","1","N","4","Mule Deer","1"
"2021","7","6/1","2022","2","E","5","Mule Deer","1"
"2021","7","6/9","2129","2","E","6","Unidentified Deer","1"
"2021","7","6/9","2129","2","E","7","Unidentified Deer","1"
"2021","7","6/9","2130","2","E","8","Mule Deer","1"
"2021","7","6/12","532","2","E","10","Unidentified Deer","1"
"2021","7","6/28","835","3","S","12","Mule Deer","1"
"2021","7","7/8","1557","4","W","16","Mule Deer","1"
"2021","7","7/12","2318","4","W","17","Mule Deer","1"
"2021","7","7/16","17","5","N","18","Unidentified Deer","1"
"2021","7","7/20","1912","5","N","22","Mule Deer","1"
"2021","7","7/20","1913","5","N","23","Mule Deer","1"
"2021","7","7/20","1913","5","N","24","Unidentified Deer","1"
"2021","7","7/20","1913","5","N","25","Unidentified Deer","1"
"2021","7","7/20","1913","5","N","26","Unidentified Deer","1"
"2021","7","7/20","1914","5","N","27","Unidentified Deer","1"
"2021","7","7/20","1914","5","N","28","Unidentified Deer","1"
"2021","7","7/21","801","5","N","29","Unidentified Deer","1"
"2021","7","7/24","2237","5","N","30","Unidentified Deer","1"
"2021","7","8/9","805","8","W","32","Mule Deer","1"
"2021","7","8/9","806","8","W","33","Mule Deer","1"
"2021","8","5/16","2349","1","N","1","Unidentified Deer","1"
"2021","8","5/17","629","1","N","2","Unidentified Deer","1"
"2021","8","5/17","630","1","N","3","Mule Deer","1"
"2021","8","5/17","630","1","N","4","Mule Deer","1"
"2021","8","5/17","630","1","N","5","Mule Deer","1"
"2021","8","5/17","631","1","N","6","Mule Deer","1"
"2021","8","5/17","631","1","N","7","Unidentified Deer","1"
"2021","8","5/17","631","1","N","8","Unidentified Deer","1"
"2021","8","5/17","633","1","N","9","Unidentified Deer","1"
"2021","8","5/17","633","1","N","10","Unidentified Deer","1"
"2021","8","5/23","300","1","N","11","Mule Deer","1"
"2021","8","5/23","300","1","N","12","Mule Deer","1"
"2021","8","5/23","303","1","N","13","Unidentified Deer","1"
"2021","8","5/23","303","1","N","14","Mule Deer","1"
"2021","8","5/23","446","1","N","16","Mule Deer","1"
"2021","8","5/23","447","1","N","17","Unidentified Deer","1"
"2021","8","5/23","447","1","N","18","Unidentified Deer","1"
"2021","8","8/2","1733","7","S","26","Mule Deer","1"
"2021","8","8/11","1245","8","W","28","Unidentified Deer","1"
